id_foto,id_ponto,arquivo,caminho,url
F001,T1P001,P001_F001.png,06_Fotos_Campo/Trilha_01/P001_F001.png,https://raw.githubusercontent.com/carinebrum/projeto-pedra-branca/main/06_Fotos_Campo/Trilha_01/P001_F001.png
F002,T1P001,P001_F002.png,06_Fotos_Campo/Trilha_01/P001_F002.png,https://raw.githubusercontent.com/carinebrum/projeto-pedra-branca/main/06_Fotos_Campo/Trilha_01/P001_F002.png
F003,T1P001,P001_F003.png,06_Fotos_Campo/Trilha_01/P001_F003.png,https://raw.githubusercontent.com/carinebrum/projeto-pedra-branca/main/06_Fotos_Campo/Trilha_01/P001_F003.png
F004,T1P001,P001_F004.png,06_Fotos_Campo/Trilha_01/P001_F004.png,https://raw.githubusercontent.com/carinebrum/projeto-pedra-branca/main/06_Fotos_Campo/Trilha_01/P001_F004.png
F005,T1P002,P002_F005.png,06_Fotos_Campo/Trilha_01/P002_F005.png,https://raw.githubusercontent.com/carinebrum/projeto-pedra-branca/main/06_Fotos_Campo/Trilha_01/P002_F005.png
F006,T1P002,P002_F006.png,06_Fotos_Campo/Trilha_01/P002_F006.png,https://raw.githubusercontent.com/carinebrum/projeto-pedra-branca/main/06_Fotos_Campo/Trilha_01/P002_F006.png
F007,T1P003,P003_F007.png,06_Fotos_Campo/Trilha_01/P003_F007.png,https://raw.githubusercontent.com/carinebrum/projeto-pedra-branca/main/06_Fotos_Campo/Trilha_01/P003_F007.png
F008,T1P003,P003_F008.png,06_Fotos_Campo/Trilha_01/P003_F008.png,https://raw.githubusercontent.com/carinebrum/projeto-pedra-branca/main/06_Fotos_Campo/Trilha_01/P003_F008.png
F009,T1P004,P004_F009.png,06_Fotos_Campo/Trilha_01/P004_F009.png,https://raw.githubusercontent.com/carinebrum/projeto-pedra-branca/main/06_Fotos_Campo/Trilha_01/P004_F009.png
F010,T1P004,P004_F010.png,06_Fotos_Campo/Trilha_01/P004_F010.png,https://raw.githubusercontent.com/carinebrum/projeto-pedra-branca/main/06_Fotos_Campo/Trilha_01/P004_F010.png
F011,T1P005,P005_F011.png,06_Fotos_Campo/Trilha_01/P005_F011.png,https://raw.githubusercontent.com/carinebrum/projeto-pedra-branca/main/06_Fotos_Campo/Trilha_01/P005_F011.png
F012,T1P006,P006_F012.png,06_Fotos_Campo/Trilha_01/P006_F012.png,https://raw.githubusercontent.com/carinebrum/projeto-pedra-branca/main/06_Fotos_Campo/Trilha_01/P006_F012.png
F013,T1P007,P007_F013.png,06_Fotos_Campo/Trilha_01/P007_F013.png,https://raw.githubusercontent.com/carinebrum/projeto-pedra-branca/main/06_Fotos_Campo/Trilha_01/P007_F013.png
F014,T1P008,P008_F014.png,06_Fotos_Campo/Trilha_01/P008_F014.png,https://raw.githubusercontent.com/carinebrum/projeto-pedra-branca/main/06_Fotos_Campo/Trilha_01/P008_F014.png
F015,T1P009,P009_F015.png,06_Fotos_Campo/Trilha_01/P009_F015.png,https://raw.githubusercontent.com/carinebrum/projeto-pedra-branca/main/06_Fotos_Campo/Trilha_01/P009_F015.png
F016,T1P010,P010_F016.png,06_Fotos_Campo/Trilha_01/P010_F016.png,https://raw.githubusercontent.com/carinebrum/projeto-pedra-branca/main/06_Fotos_Campo/Trilha_01/P010_F016.png
F017,T1P010,P010_F017.png,06_Fotos_Campo/Trilha_01/P010_F017.png,https://raw.githubusercontent.com/carinebrum/projeto-pedra-branca/main/06_Fotos_Campo/Trilha_01/P010_F017.png
F018,T1P010,P010_F018.png,06_Fotos_Campo/Trilha_01/P010_F018.png,https://raw.githubusercontent.com/carinebrum/projeto-pedra-branca/main/06_Fotos_Campo/Trilha_01/P010_F018.png
F019,T1P011,P011_F019.png,06_Fotos_Campo/Trilha_01/P011_F019.png,https://raw.githubusercontent.com/carinebrum/projeto-pedra-branca/main/06_Fotos_Campo/Trilha_01/P011_F019.png
F020,T1P012,P012_F020.png,06_Fotos_Campo/Trilha_01/P012_F020.png,https://raw.githubusercontent.com/carinebrum/projeto-pedra-branca/main/06_Fotos_Campo/Trilha_01/P012_F020.png
F021,T1P013,P013_F021.png,06_Fotos_Campo/Trilha_01/P013_F021.png,https://raw.githubusercontent.com/carinebrum/projeto-pedra-branca/main/06_Fotos_Campo/Trilha_01/P013_F021.png
F022,T1P014,P014_F022.png,06_Fotos_Campo/Trilha_01/P014_F022.png,https://raw.githubusercontent.com/carinebrum/projeto-pedra-branca/main/06_Fotos_Campo/Trilha_01/P014_F022.png
F023,T1P014,P014_F023.png,06_Fotos_Campo/Trilha_01/P014_F023.png,https://raw.githubusercontent.com/carinebrum/projeto-pedra-branca/main/06_Fotos_Campo/Trilha_01/P014_F023.png
F024,T1P014,P014_F024.png,06_Fotos_Campo/Trilha_01/P014_F024.png,https://raw.githubusercontent.com/carinebrum/projeto-pedra-branca/main/06_Fotos_Campo/Trilha_01/P014_F024.png
F025,T1P014,P014_F025.png,06_Fotos_Campo/Trilha_01/P014_F025.png,https://raw.githubusercontent.com/carinebrum/projeto-pedra-branca/main/06_Fotos_Campo/Trilha_01/P014_F025.png
F026,T1P015,P015_F026.png,06_Fotos_Campo/Trilha_01/P015_F026.png,https://raw.githubusercontent.com/carinebrum/projeto-pedra-branca/main/06_Fotos_Campo/Trilha_01/P015_F026.png
F027,T1P016,P016_F027.png,06_Fotos_Campo/Trilha_01/P016_F027.png,https://raw.githubusercontent.com/carinebrum/projeto-pedra-branca/main/06_Fotos_Campo/Trilha_01/P016_F027.png
F028,T1P016,P016_F028.png,06_Fotos_Campo/Trilha_01/P016_F028.png,https://raw.githubusercontent.com/carinebrum/projeto-pedra-branca/main/06_Fotos_Campo/Trilha_01/P016_F028.png
F029,T1P017,P017_F029.png,06_Fotos_Campo/Trilha_01/P017_F029.png,https://raw.githubusercontent.com/carinebrum/projeto-pedra-branca/main/06_Fotos_Campo/Trilha_01/P017_F029.png
F030,T1P018,P018_F030.png,06_Fotos_Campo/Trilha_01/P018_F030.png,https://raw.githubusercontent.com/carinebrum/projeto-pedra-branca/main/06_Fotos_Campo/Trilha_01/P018_F030.png
F031,T1P019,P019_F031.png,06_Fotos_Campo/Trilha_01/P019_F031.png,https://raw.githubusercontent.com/carinebrum/projeto-pedra-branca/main/06_Fotos_Campo/Trilha_01/P019_F031.png
F032,T1P020,P020_F032.png,06_Fotos_Campo/Trilha_01/P020_F032.png,https://raw.githubusercontent.com/carinebrum/projeto-pedra-branca/main/06_Fotos_Campo/Trilha_01/P020_F032.png
F033,T1P021,P021_F033.png,06_Fotos_Campo/Trilha_01/P021_F033.png,https://raw.githubusercontent.com/carinebrum/projeto-pedra-branca/main/06_Fotos_Campo/Trilha_01/P021_F033.png
F034,T1P021,P021_F034.png,06_Fotos_Campo/Trilha_01/P021_F034.png,https://raw.githubusercontent.com/carinebrum/projeto-pedra-branca/main/06_Fotos_Campo/Trilha_01/P021_F034.png
F035,T1P022,P022_F035.png,06_Fotos_Campo/Trilha_01/P022_F035.png,https://raw.githubusercontent.com/carinebrum/projeto-pedra-branca/main/06_Fotos_Campo/Trilha_01/P022_F035.png
F036,T1P022,P022_F036.png,06_Fotos_Campo/Trilha_01/P022_F036.png,https://raw.githubusercontent.com/carinebrum/projeto-pedra-branca/main/06_Fotos_Campo/Trilha_01/P022_F036.png
F037,T1P022,P022_F037.png,06_Fotos_Campo/Trilha_01/P022_F037.png,https://raw.githubusercontent.com/carinebrum/projeto-pedra-branca/main/06_Fotos_Campo/Trilha_01/P022_F037.png
F038,T1P022,P022_F038.png,06_Fotos_Campo/Trilha_01/P022_F038.png,https://raw.githubusercontent.com/carinebrum/projeto-pedra-branca/main/06_Fotos_Campo/Trilha_01/P022_F038.png
F039,T1P023,P023_F039.png,06_Fotos_Campo/Trilha_01/P023_F039.png,https://raw.githubusercontent.com/carinebrum/projeto-pedra-branca/main/06_Fotos_Campo/Trilha_01/P023_F039.png
F040,T1P024,P024_F040.png,06_Fotos_Campo/Trilha_01/P024_F040.png,https://raw.githubusercontent.com/carinebrum/projeto-pedra-branca/main/06_Fotos_Campo/Trilha_01/P024_F040.png
F041,T1P025,P025_F041.png,06_Fotos_Campo/Trilha_01/P025_F041.png,https://raw.githubusercontent.com/carinebrum/projeto-pedra-branca/main/06_Fotos_Campo/Trilha_01/P025_F041.png
F042,T1P025,P025_F042.png,06_Fotos_Campo/Trilha_01/P025_F042.png,https://raw.githubusercontent.com/carinebrum/projeto-pedra-branca/main/06_Fotos_Campo/Trilha_01/P025_F042.png
F043,T1P025,P025_F043.png,06_Fotos_Campo/Trilha_01/P025_F043.png,https://raw.githubusercontent.com/carinebrum/projeto-pedra-branca/main/06_Fotos_Campo/Trilha_01/P025_F043.png
F044,T1P026,P026_F044.png,06_Fotos_Campo/Trilha_01/P026_F044.png,https://raw.githubusercontent.com/carinebrum/projeto-pedra-branca/main/06_Fotos_Campo/Trilha_01/P026_F044.png
F045,T1P027,P027_F045.png,06_Fotos_Campo/Trilha_01/P027_F045.png,https://raw.githubusercontent.com/carinebrum/projeto-pedra-branca/main/06_Fotos_Campo/Trilha_01/P027_F045.png
F046,T1P027,P027_F046.png,06_Fotos_Campo/Trilha_01/P027_F046.png,https://raw.githubusercontent.com/carinebrum/projeto-pedra-branca/main/06_Fotos_Campo/Trilha_01/P027_F046.png
F047,T1P028,P028_F047.png,06_Fotos_Campo/Trilha_01/P028_F047.png,https://raw.githubusercontent.com/carinebrum/projeto-pedra-branca/main/06_Fotos_Campo/Trilha_01/P028_F047.png
F048,T1P028,P028_F048.png,06_Fotos_Campo/Trilha_01/P028_F048.png,https://raw.githubusercontent.com/carinebrum/projeto-pedra-branca/main/06_Fotos_Campo/Trilha_01/P028_F048.png
F049,T1P029,P029_F049.png,06_Fotos_Campo/Trilha_01/P029_F049.png,https://raw.githubusercontent.com/carinebrum/projeto-pedra-branca/main/06_Fotos_Campo/Trilha_01/P029_F049.png
F050,T1P029,P029_F050.png,06_Fotos_Campo/Trilha_01/P029_F050.png,https://raw.githubusercontent.com/carinebrum/projeto-pedra-branca/main/06_Fotos_Campo/Trilha_01/P029_F050.png
F051,T1P030,P030_F051.png,06_Fotos_Campo/Trilha_01/P030_F051.png,https://raw.githubusercontent.com/carinebrum/projeto-pedra-branca/main/06_Fotos_Campo/Trilha_01/P030_F051.png
F052,T1P031,P031_F052.png,06_Fotos_Campo/Trilha_01/P031_F052.png,https://raw.githubusercontent.com/carinebrum/projeto-pedra-branca/main/06_Fotos_Campo/Trilha_01/P031_F052.png
F053,T1P032,P032_F053.png,06_Fotos_Campo/Trilha_01/P032_F053.png,https://raw.githubusercontent.com/carinebrum/projeto-pedra-branca/main/06_Fotos_Campo/Trilha_01/P032_F053.png
F054,T1P032,P032_F054.png,06_Fotos_Campo/Trilha_01/P032_F054.png,https://raw.githubusercontent.com/carinebrum/projeto-pedra-branca/main/06_Fotos_Campo/Trilha_01/P032_F054.png
F055,T1P033,P033_F055.png,06_Fotos_Campo/Trilha_01/P033_F055.png,https://raw.githubusercontent.com/carinebrum/projeto-pedra-branca/main/06_Fotos_Campo/Trilha_01/P033_F055.png
F056,T1P034,P034_F056.png,06_Fotos_Campo/Trilha_01/P034_F056.png,https://raw.githubusercontent.com/carinebrum/projeto-pedra-branca/main/06_Fotos_Campo/Trilha_01/P034_F056.png
F057,T1P035,P035_F057.png,06_Fotos_Campo/Trilha_01/P035_F057.png,https://raw.githubusercontent.com/carinebrum/projeto-pedra-branca/main/06_Fotos_Campo/Trilha_01/P035_F057.png
F058,T2P001,P001_F058.png,06_Fotos_Campo/Trilha_02/P001_F058.png,https://raw.githubusercontent.com/carinebrum/projeto-pedra-branca/main/06_Fotos_Campo/Trilha_02/P001_F058.png
F059,T2P002,P002_F059.png,06_Fotos_Campo/Trilha_02/P002_F059.png,https://raw.githubusercontent.com/carinebrum/projeto-pedra-branca/main/06_Fotos_Campo/Trilha_02/P002_F059.png
F060,T2P002,P002_F060.png,06_Fotos_Campo/Trilha_02/P002_F060.png,https://raw.githubusercontent.com/carinebrum/projeto-pedra-branca/main/06_Fotos_Campo/Trilha_02/P002_F060.png
F061,T2P002,P002_F061.png,06_Fotos_Campo/Trilha_02/P002_F061.png,https://raw.githubusercontent.com/carinebrum/projeto-pedra-branca/main/06_Fotos_Campo/Trilha_02/P002_F061.png
F062,T2P002,P002_F062.png,06_Fotos_Campo/Trilha_02/P002_F062.png,https://raw.githubusercontent.com/carinebrum/projeto-pedra-branca/main/06_Fotos_Campo/Trilha_02/P002_F062.png
F063,T2P002,P002_F063.png,06_Fotos_Campo/Trilha_02/P002_F063.png,https://raw.githubusercontent.com/carinebrum/projeto-pedra-branca/main/06_Fotos_Campo/Trilha_02/P002_F063.png
F064,T2P003,P003_F064.png,06_Fotos_Campo/Trilha_02/P003_F064.png,https://raw.githubusercontent.com/carinebrum/projeto-pedra-branca/main/06_Fotos_Campo/Trilha_02/P003_F064.png
F065,T2P003,P003_F065.png,06_Fotos_Campo/Trilha_02/P003_F065.png,https://raw.githubusercontent.com/carinebrum/projeto-pedra-branca/main/06_Fotos_Campo/Trilha_02/P003_F065.png
F066,T2P003,P003_F066.png,06_Fotos_Campo/Trilha_02/P003_F066.png,https://raw.githubusercontent.com/carinebrum/projeto-pedra-branca/main/06_Fotos_Campo/Trilha_02/P003_F066.png
F067,T2P003,P003_F067.png,06_Fotos_Campo/Trilha_02/P003_F067.png,https://raw.githubusercontent.com/carinebrum/projeto-pedra-branca/main/06_Fotos_Campo/Trilha_02/P003_F067.png
F068,T2P004,P004_F068.png,06_Fotos_Campo/Trilha_02/P004_F068.png,https://raw.githubusercontent.com/carinebrum/projeto-pedra-branca/main/06_Fotos_Campo/Trilha_02/P004_F068.png
F069,T2P004,P004_F069.png,06_Fotos_Campo/Trilha_02/P004_F069.png,https://raw.githubusercontent.com/carinebrum/projeto-pedra-branca/main/06_Fotos_Campo/Trilha_02/P004_F069.png
F070,T2P005,P005_F070.png,06_Fotos_Campo/Trilha_02/P005_F070.png,https://raw.githubusercontent.com/carinebrum/projeto-pedra-branca/main/06_Fotos_Campo/Trilha_02/P005_F070.png
F071,T2P005,P005_F071.png,06_Fotos_Campo/Trilha_02/P005_F071.png,https://raw.githubusercontent.com/carinebrum/projeto-pedra-branca/main/06_Fotos_Campo/Trilha_02/P005_F071.png
F072,T2P006,P006_F072.png,06_Fotos_Campo/Trilha_02/P006_F072.png,https://raw.githubusercontent.com/carinebrum/projeto-pedra-branca/main/06_Fotos_Campo/Trilha_02/P006_F072.png
F073,T2P006,P006_F073.png,06_Fotos_Campo/Trilha_02/P006_F073.png,https://raw.githubusercontent.com/carinebrum/projeto-pedra-branca/main/06_Fotos_Campo/Trilha_02/P006_F073.png
F074,T2P006,P006_F074.png,06_Fotos_Campo/Trilha_02/P006_F074.png,https://raw.githubusercontent.com/carinebrum/projeto-pedra-branca/main/06_Fotos_Campo/Trilha_02/P006_F074.png
F075,T2P007,P007_F075.png,06_Fotos_Campo/Trilha_02/P007_F075.png,https://raw.githubusercontent.com/carinebrum/projeto-pedra-branca/main/06_Fotos_Campo/Trilha_02/P007_F075.png
F076,T2P008,P008_F076.png,06_Fotos_Campo/Trilha_02/P008_F076.png,https://raw.githubusercontent.com/carinebrum/projeto-pedra-branca/main/06_Fotos_Campo/Trilha_02/P008_F076.png
F077,T2P008,P008_F077.png,06_Fotos_Campo/Trilha_02/P008_F077.png,https://raw.githubusercontent.com/carinebrum/projeto-pedra-branca/main/06_Fotos_Campo/Trilha_02/P008_F077.png
F078,T2P009,P009_F078.png,06_Fotos_Campo/Trilha_02/P009_F078.png,https://raw.githubusercontent.com/carinebrum/projeto-pedra-branca/main/06_Fotos_Campo/Trilha_02/P009_F078.png
F079,T2P009,P009_F079.png,06_Fotos_Campo/Trilha_02/P009_F079.png,https://raw.githubusercontent.com/carinebrum/projeto-pedra-branca/main/06_Fotos_Campo/Trilha_02/P009_F079.png
F080,T2P010,P010_F080.png,06_Fotos_Campo/Trilha_02/P010_F080.png,https://raw.githubusercontent.com/carinebrum/projeto-pedra-branca/main/06_Fotos_Campo/Trilha_02/P010_F080.png
F081,T2P011,P011_F081.png,06_Fotos_Campo/Trilha_02/P011_F081.png,https://raw.githubusercontent.com/carinebrum/projeto-pedra-branca/main/06_Fotos_Campo/Trilha_02/P011_F081.png
F082,T2P011,P011_F082.png,06_Fotos_Campo/Trilha_02/P011_F082.png,https://raw.githubusercontent.com/carinebrum/projeto-pedra-branca/main/06_Fotos_Campo/Trilha_02/P011_F082.png
F083,T2P011,P011_F083.png,06_Fotos_Campo/Trilha_02/P011_F083.png,https://raw.githubusercontent.com/carinebrum/projeto-pedra-branca/main/06_Fotos_Campo/Trilha_02/P011_F083.png
F084,T2P011,P011_F084.png,06_Fotos_Campo/Trilha_02/P011_F084.png,https://raw.githubusercontent.com/carinebrum/projeto-pedra-branca/main/06_Fotos_Campo/Trilha_02/P011_F084.png
F085,T2P012,P012_F085.png,06_Fotos_Campo/Trilha_02/P012_F085.png,https://raw.githubusercontent.com/carinebrum/projeto-pedra-branca/main/06_Fotos_Campo/Trilha_02/P012_F085.png
F086,T2P012,P012_F086.png,06_Fotos_Campo/Trilha_02/P012_F086.png,https://raw.githubusercontent.com/carinebrum/projeto-pedra-branca/main/06_Fotos_Campo/Trilha_02/P012_F086.png
F087,T2P013,P013_F087.png,06_Fotos_Campo/Trilha_02/P013_F087.png,https://raw.githubusercontent.com/carinebrum/projeto-pedra-branca/main/06_Fotos_Campo/Trilha_02/P013_F087.png
F088,T2P013,P013_F088.png,06_Fotos_Campo/Trilha_02/P013_F088.png,https://raw.githubusercontent.com/carinebrum/projeto-pedra-branca/main/06_Fotos_Campo/Trilha_02/P013_F088.png
F089,T2P013,P013_F089.png,06_Fotos_Campo/Trilha_02/P013_F089.png,https://raw.githubusercontent.com/carinebrum/projeto-pedra-branca/main/06_Fotos_Campo/Trilha_02/P013_F089.png
F090,T2P014,P014_F090.png,06_Fotos_Campo/Trilha_02/P014_F090.png,https://raw.githubusercontent.com/carinebrum/projeto-pedra-branca/main/06_Fotos_Campo/Trilha_02/P014_F090.png
F091,T2P015,P015_F091.png,06_Fotos_Campo/Trilha_02/P015_F091.png,https://raw.githubusercontent.com/carinebrum/projeto-pedra-branca/main/06_Fotos_Campo/Trilha_02/P015_F091.png
F092,T2P015,P015_F092.png,06_Fotos_Campo/Trilha_02/P015_F092.png,https://raw.githubusercontent.com/carinebrum/projeto-pedra-branca/main/06_Fotos_Campo/Trilha_02/P015_F092.png
F093,T3P001,P001_F093.png,06_Fotos_Campo/Trilha_03/P001_F093.png,https://raw.githubusercontent.com/carinebrum/projeto-pedra-branca/main/06_Fotos_Campo/Trilha_03/P001_F093.png
F094,T3P001,P001_F094.png,06_Fotos_Campo/Trilha_03/P001_F094.png,https://raw.githubusercontent.com/carinebrum/projeto-pedra-branca/main/06_Fotos_Campo/Trilha_03/P001_F094.png
F095,T3P001,P001_F095.png,06_Fotos_Campo/Trilha_03/P001_F095.png,https://raw.githubusercontent.com/carinebrum/projeto-pedra-branca/main/06_Fotos_Campo/Trilha_03/P001_F095.png
F096,T3P002,P002_F096.png,06_Fotos_Campo/Trilha_03/P002_F096.png,https://raw.githubusercontent.com/carinebrum/projeto-pedra-branca/main/06_Fotos_Campo/Trilha_03/P002_F096.png
F097,T3P002,P002_F097.png,06_Fotos_Campo/Trilha_03/P002_F097.png,https://raw.githubusercontent.com/carinebrum/projeto-pedra-branca/main/06_Fotos_Campo/Trilha_03/P002_F097.png
F098,T3P002,P002_F098.png,06_Fotos_Campo/Trilha_03/P002_F098.png,https://raw.githubusercontent.com/carinebrum/projeto-pedra-branca/main/06_Fotos_Campo/Trilha_03/P002_F098.png
F099,T3P003,P003_F099.png,06_Fotos_Campo/Trilha_03/P003_F099.png,https://raw.githubusercontent.com/carinebrum/projeto-pedra-branca/main/06_Fotos_Campo/Trilha_03/P003_F099.png
F100,T3P004,P004_F100.png,06_Fotos_Campo/Trilha_03/P004_F100.png,https://raw.githubusercontent.com/carinebrum/projeto-pedra-branca/main/06_Fotos_Campo/Trilha_03/P004_F100.png
F101,T3P005,P005_F101.png,06_Fotos_Campo/Trilha_03/P005_F101.png,https://raw.githubusercontent.com/carinebrum/projeto-pedra-branca/main/06_Fotos_Campo/Trilha_03/P005_F101.png
F102,T3P005,P005_F102.png,06_Fotos_Campo/Trilha_03/P005_F102.png,https://raw.githubusercontent.com/carinebrum/projeto-pedra-branca/main/06_Fotos_Campo/Trilha_03/P005_F102.png
F103,T3P005,P005_F103.png,06_Fotos_Campo/Trilha_03/P005_F103.png,https://raw.githubusercontent.com/carinebrum/projeto-pedra-branca/main/06_Fotos_Campo/Trilha_03/P005_F103.png
F104,T3P005,P005_F104.png,06_Fotos_Campo/Trilha_03/P005_F104.png,https://raw.githubusercontent.com/carinebrum/projeto-pedra-branca/main/06_Fotos_Campo/Trilha_03/P005_F104.png
F105,T3P006,P006_F105.png,06_Fotos_Campo/Trilha_03/P006_F105.png,https://raw.githubusercontent.com/carinebrum/projeto-pedra-branca/main/06_Fotos_Campo/Trilha_03/P006_F105.png
F106,T3P006,P006_F106.png,06_Fotos_Campo/Trilha_03/P006_F106.png,https://raw.githubusercontent.com/carinebrum/projeto-pedra-branca/main/06_Fotos_Campo/Trilha_03/P006_F106.png
F107,T3P006,P006_F107.png,06_Fotos_Campo/Trilha_03/P006_F107.png,https://raw.githubusercontent.com/carinebrum/projeto-pedra-branca/main/06_Fotos_Campo/Trilha_03/P006_F107.png
F110,T3P007,P007_F110.png,06_Fotos_Campo/Trilha_03/P007_F110.png,https://raw.githubusercontent.com/carinebrum/projeto-pedra-branca/main/06_Fotos_Campo/Trilha_03/P007_F110.png
F111,T3P007,P007_F111.png,06_Fotos_Campo/Trilha_03/P007_F111.png,https://raw.githubusercontent.com/carinebrum/projeto-pedra-branca/main/06_Fotos_Campo/Trilha_03/P007_F111.png
F112,T3P007,P007_F112.png,06_Fotos_Campo/Trilha_03/P007_F112.png,https://raw.githubusercontent.com/carinebrum/projeto-pedra-branca/main/06_Fotos_Campo/Trilha_03/P007_F112.png
F113,T3P007,P007_F113.png,06_Fotos_Campo/Trilha_03/P007_F113.png,https://raw.githubusercontent.com/carinebrum/projeto-pedra-branca/main/06_Fotos_Campo/Trilha_03/P007_F113.png
F114,T3P007,P007_F114.png,06_Fotos_Campo/Trilha_03/P007_F114.png,https://raw.githubusercontent.com/carinebrum/projeto-pedra-branca/main/06_Fotos_Campo/Trilha_03/P007_F114.png
F115,T3P007,P007_F115.png,06_Fotos_Campo/Trilha_03/P007_F115.png,https://raw.githubusercontent.com/carinebrum/projeto-pedra-branca/main/06_Fotos_Campo/Trilha_03/P007_F115.png
F108,T3P006,P006_F108.png,06_Fotos_Campo/Trilha_03/P006_F108.png,https://raw.githubusercontent.com/carinebrum/projeto-pedra-branca/main/06_Fotos_Campo/Trilha_03/P006_F108.png
F109,T3P006,P006_F109.png,06_Fotos_Campo/Trilha_03/P006_F109.png,https://raw.githubusercontent.com/carinebrum/projeto-pedra-branca/main/06_Fotos_Campo/Trilha_03/P006_F109.png
F116,T3P007,P007_F116.png,06_Fotos_Campo/Trilha_03/P007_F116.png,https://raw.githubusercontent.com/carinebrum/projeto-pedra-branca/main/06_Fotos_Campo/Trilha_03/P007_F116.png
F117,T3P007,P007_F117.png,06_Fotos_Campo/Trilha_03/P007_F117.png,https://raw.githubusercontent.com/carinebrum/projeto-pedra-branca/main/06_Fotos_Campo/Trilha_03/P007_F117.png
F118,T3P008,P008_F118.png,06_Fotos_Campo/Trilha_03/P008_F118.png,https://raw.githubusercontent.com/carinebrum/projeto-pedra-branca/main/06_Fotos_Campo/Trilha_03/P008_F118.png
F119,T3P009,P009_F119.png,06_Fotos_Campo/Trilha_03/P009_F119.png,https://raw.githubusercontent.com/carinebrum/projeto-pedra-branca/main/06_Fotos_Campo/Trilha_03/P009_F119.png
F120,T3P009,P009_F120.png,06_Fotos_Campo/Trilha_03/P009_F120.png,https://raw.githubusercontent.com/carinebrum/projeto-pedra-branca/main/06_Fotos_Campo/Trilha_03/P009_F120.png
F121,T3P009,P009_F121.png,06_Fotos_Campo/Trilha_03/P009_F121.png,https://raw.githubusercontent.com/carinebrum/projeto-pedra-branca/main/06_Fotos_Campo/Trilha_03/P009_F121.png
F122,T3P010,P010_F122.png,06_Fotos_Campo/Trilha_03/P010_F122.png,https://raw.githubusercontent.com/carinebrum/projeto-pedra-branca/main/06_Fotos_Campo/Trilha_03/P010_F122.png
F123,T3P010,P010_F123.png,06_Fotos_Campo/Trilha_03/P010_F123.png,https://raw.githubusercontent.com/carinebrum/projeto-pedra-branca/main/06_Fotos_Campo/Trilha_03/P010_F123.png
F124,T3P011,P011_F124.png,06_Fotos_Campo/Trilha_03/P011_F124.png,https://raw.githubusercontent.com/carinebrum/projeto-pedra-branca/main/06_Fotos_Campo/Trilha_03/P011_F124.png
F125,T3P011,P011_F125.png,06_Fotos_Campo/Trilha_03/P011_F125.png,https://raw.githubusercontent.com/carinebrum/projeto-pedra-branca/main/06_Fotos_Campo/Trilha_03/P011_F125.png
F126,T3P011,P011_F126.png,06_Fotos_Campo/Trilha_03/P011_F126.png,https://raw.githubusercontent.com/carinebrum/projeto-pedra-branca/main/06_Fotos_Campo/Trilha_03/P011_F126.png
F127,T3P012,P012_F127.png,06_Fotos_Campo/Trilha_03/P012_F127.png,https://raw.githubusercontent.com/carinebrum/projeto-pedra-branca/main/06_Fotos_Campo/Trilha_03/P012_F127.png
F128,T3P012,P012_F128.png,06_Fotos_Campo/Trilha_03/P012_F128.png,https://raw.githubusercontent.com/carinebrum/projeto-pedra-branca/main/06_Fotos_Campo/Trilha_03/P012_F128.png
F129,T3P013,P013_F129.png,06_Fotos_Campo/Trilha_03/P013_F129.png,https://raw.githubusercontent.com/carinebrum/projeto-pedra-branca/main/06_Fotos_Campo/Trilha_03/P013_F129.png
F130,T3P013,P013_F130.png,06_Fotos_Campo/Trilha_03/P013_F130.png,https://raw.githubusercontent.com/carinebrum/projeto-pedra-branca/main/06_Fotos_Campo/Trilha_03/P013_F130.png
F131,T3P013,P013_F131.png,06_Fotos_Campo/Trilha_03/P013_F131.png,https://raw.githubusercontent.com/carinebrum/projeto-pedra-branca/main/06_Fotos_Campo/Trilha_03/P013_F131.png
F132,T3P014,P014_F132.png,06_Fotos_Campo/Trilha_03/P014_F132.png,https://raw.githubusercontent.com/carinebrum/projeto-pedra-branca/main/06_Fotos_Campo/Trilha_03/P014_F132.png
F133,T3P014,P014_F133.png,06_Fotos_Campo/Trilha_03/P014_F133.png,https://raw.githubusercontent.com/carinebrum/projeto-pedra-branca/main/06_Fotos_Campo/Trilha_03/P014_F133.png
F134,T3P015,P015_F134.png,06_Fotos_Campo/Trilha_03/P015_F134.png,https://raw.githubusercontent.com/carinebrum/projeto-pedra-branca/main/06_Fotos_Campo/Trilha_03/P015_F134.png
F135,T3P015,P015_F135.png,06_Fotos_Campo/Trilha_03/P015_F135.png,https://raw.githubusercontent.com/carinebrum/projeto-pedra-branca/main/06_Fotos_Campo/Trilha_03/P015_F135.png
F136,T3P016,P016_F136.png,06_Fotos_Campo/Trilha_03/P016_F136.png,https://raw.githubusercontent.com/carinebrum/projeto-pedra-branca/main/06_Fotos_Campo/Trilha_03/P016_F136.png
F137,T3P016,P016_F137.png,06_Fotos_Campo/Trilha_03/P016_F137.png,https://raw.githubusercontent.com/carinebrum/projeto-pedra-branca/main/06_Fotos_Campo/Trilha_03/P016_F137.png
F138,T3P017,P017_F138.png,06_Fotos_Campo/Trilha_03/P017_F138.png,https://raw.githubusercontent.com/carinebrum/projeto-pedra-branca/main/06_Fotos_Campo/Trilha_03/P017_F138.png
F139,T3P018,P018_F139.png,06_Fotos_Campo/Trilha_03/P018_F139.png,https://raw.githubusercontent.com/carinebrum/projeto-pedra-branca/main/06_Fotos_Campo/Trilha_03/P018_F139.png
F140,T3P019,P019_F140.png,06_Fotos_Campo/Trilha_03/P019_F140.png,https://raw.githubusercontent.com/carinebrum/projeto-pedra-branca/main/06_Fotos_Campo/Trilha_03/P019_F140.png
F141,T3P019,P019_F141.png,06_Fotos_Campo/Trilha_03/P019_F141.png,https://raw.githubusercontent.com/carinebrum/projeto-pedra-branca/main/06_Fotos_Campo/Trilha_03/P019_F141.png
F142,T3P019,P019_F142.png,06_Fotos_Campo/Trilha_03/P019_F142.png,https://raw.githubusercontent.com/carinebrum/projeto-pedra-branca/main/06_Fotos_Campo/Trilha_03/P019_F142.png
F143,T3P020,P020_F143.png,06_Fotos_Campo/Trilha_03/P020_F143.png,https://raw.githubusercontent.com/carinebrum/projeto-pedra-branca/main/06_Fotos_Campo/Trilha_03/P020_F143.png
F144,T3P020,P020_F144.png,06_Fotos_Campo/Trilha_03/P020_F144.png,https://raw.githubusercontent.com/carinebrum/projeto-pedra-branca/main/06_Fotos_Campo/Trilha_03/P020_F144.png
